percentageTime,cumulativeTime,selfSeconds,calls,selfMs/call,totalMs/call,function,class
5.88,3.02,3.02,5798885.0,0.0,0.0,AlfCovariance::gnsCholeskyDec,AlfCovariance
3.08,6.81,1.58,3805699.0,0.0,0.0,IntraPrediction::xPredIntraAng,IntraPrediction
2.47,9.55,1.27,31407280.0,0.0,0.0,DQIntern::DepQuant::xDecide,DQIntern
2.24,11.93,1.15,5696382.0,0.0,0.0,AlfCovariance::gnsBacksubstitution,AlfCovariance
1.48,13.81,0.76,5696382.0,0.0,0.0,AlfCovariance::gnsTransposeBacksubstitution,AlfCovariance
1.27,15.22,0.65,36352264.0,0.0,0.0,void DQIntern::State::updateState<,void DQIntern
1.19,16.47,0.61,9075200.0,0.0,0.0,unsigned long RdCost::xGetSADwMask_SIMD<,unsigned long RdCost
1.11,17.61,0.57,4679778.0,0.0,0.0,"void InterpolationFilter::filterCopy<true, false>",void InterpolationFilter
0.97,18.64,0.5,689183.0,0.0,0.0,InterPrediction::xPredAffineBlk,InterPrediction
0.89,19.56,0.46,44368210.0,0.0,0.0,CodingStructure::getCU,CodingStructure
0.86,20.44,0.44,1659464.0,0.0,0.0,IntraPrediction::xFillReferenceSamples,IntraPrediction
0.78,21.26,0.4,14896280.0,0.0,0.0,unsigned long RdCost::xGetHADs_SIMD<,unsigned long RdCost
0.73,22.03,0.38,5447092.0,0.0,0.0,void simdFilter<,no_class
0.7,22.75,0.36,95920.0,0.0,0.0,QuantRDOQ::xRateDistOptQuantTS,QuantRDOQ
0.63,23.41,0.33,782148.0,0.0,0.0,RdCost::xGetSSE16,RdCost
0.58,24.02,0.3,47487.0,0.0,0.0,EncCu::xCheckRDCostMerge2Nx2N,EncCu
0.56,24.6,0.29,1604174.0,0.0,0.0,IntraSearch::xIntraCodingTUBlock,IntraSearch
0.56,25.18,0.29,70959.0,0.0,0.0,AlfCovariance::optimizeFilter,AlfCovariance
0.56,25.76,0.29,1661104.0,0.0,0.0,TrQuant::xIT,TrQuant
0.56,26.34,0.29,3108597.0,0.0,0.0,InterPrediction::xPredInterBi,InterPrediction
0.55,26.9,0.28,547368.0,0.0,0.0,"void InterpolationFilter::filterCopy<false, true>",void InterpolationFilter
0.54,27.46,0.28,135326296.0,0.0,0.0,Picture::getRecoBuf,Picture
0.51,27.99,0.26,617492.0,0.0,0.0,fastForwardDCT2_B16,no_class
0.51,28.51,0.26,1140951.0,0.0,0.0,MatrixIntraPrediction::computeReducedPred,MatrixIntraPrediction
0.51,29.03,0.26,135326296.0,0.0,0.0,PelStorage::getBuf,PelStorage
0.49,29.53,0.25,162266.0,0.0,0.0,InterSearch::predInterSearch,InterSearch
0.48,30.02,0.25,18379823.0,0.0,0.0,AreaBuf<short>::copyFrom,AreaBuf<short>
0.47,30.5,0.24,2886243.0,0.0,0.0,CoeffCodingContext::CoeffCodingContext,CoeffCodingContext
0.44,30.96,0.23,44794115.0,0.0,0.0,CodingStructure::getCU,CodingStructure
0.43,31.4,0.22,11610041.0,0.0,0.0,"unsigned long RdCost::xGetSAD_NxN_SIMD<16, ",unsigned long RdCost
0.41,31.82,0.21,43983.0,0.0,0.0,fastInverseDST7_B32,no_class
0.39,32.23,0.2,3985689.0,0.0,0.0,void simdFilter<,no_class
0.35,32.6,0.18,1812580.0,0.0,0.0,DQIntern::RateEstimator::xSetLastCoeffOffset,DQIntern
0.34,32.95,0.18,18326387.0,0.0,0.0,CodingStructure::getPU,CodingStructure
0.33,33.29,0.17,951254.0,0.0,0.0,TrQuant::transformNxN,TrQuant
0.32,33.63,0.17,24976951.0,0.0,0.0,InterpolationFilter::filterHor,InterpolationFilter
0.31,33.95,0.16,3289062.0,0.0,0.0,QpParam::QpParam,QpParam
0.31,34.27,0.16,428363.0,0.0,0.0,IntraPrediction::xPredIntraPlanar,IntraPrediction
0.29,34.58,0.15,96201111.0,0.0,0.0,PelStorage::getBuf,PelStorage
0.29,34.88,0.15,20527370.0,0.0,0.0,TBitEstimator<BinProbModel_Std>::encodeBin,TBitEstimator<BinProbModel_Std>
0.29,35.18,0.15,6059668.0,0.0,0.0,void DQIntern::State::updateState<,void DQIntern
0.29,35.48,0.15,2667639.0,0.0,0.0,CABACWriter::last_sig_coeff,CABACWriter
0.29,35.78,0.15,340733.0,0.0,0.0,TrQuant::invLfnstNxN,TrQuant
0.27,36.06,0.14,1955936.0,0.0,0.0,CodingUnit::initData,CodingUnit
0.27,36.34,0.14,572046.0,0.0,0.0,IntraSearch::xRecurIntraCodingLumaQT,IntraSearch
0.27,36.62,0.14,391579.0,0.0,0.0,InterSearch::xPatternSearchIntRefine,InterSearch
0.25,36.89,0.13,27706505.0,0.0,0.0,InterPrediction::xPredInterBlkRPR,InterPrediction
0.25,37.15,0.13,3597945.0,0.0,0.0,InterPrediction::motionCompensation,InterPrediction
0.25,37.41,0.13,438989.0,0.0,0.0,TrQuant::fwdLfnstNxN,TrQuant
0.24,37.67,0.13,18066741.0,0.0,0.0,TU::getCbfAtDepth,TU
0.23,37.91,0.12,2617889.0,0.0,0.0,AreaBuf<short>::copyClip,AreaBuf<short>
0.23,38.15,0.12,452672.0,0.0,0.0,InterPrediction::applyBiOptFlow,InterPrediction
0.22,38.38,0.12,32493203.0,0.0,0.0,clipMvInPic,no_class
0.22,38.61,0.12,6880094.0,0.0,0.0,RdCost::getDistPart,RdCost
0.21,38.84,0.11,5515282.0,0.0,0.0,void DQIntern::State::updateState<,void DQIntern
0.21,39.06,0.11,5160717.0,0.0,0.0,CABACWriter::cbf_comp,CABACWriter
0.21,39.28,0.11,1812580.0,0.0,0.0,DQIntern::RateEstimator::xSetGtxFlagBits,DQIntern
0.21,39.5,0.11,1264081.0,0.0,0.0,"unsigned long RdCost::xGetSAD_NxN_SIMD<64, ",unsigned long RdCost
0.21,39.72,0.11,226423.0,0.0,0.0,IntraSearch::xRecurIntraChromaCodingQT,IntraSearch
0.2,39.93,0.11,9554151.0,0.0,0.0,AreaBuf<unsigned int>::fill,AreaBuf<unsigned int>
0.19,40.13,0.1,5253028.0,0.0,0.0,QTBTPartitioner::canSplit,QTBTPartitioner
0.19,40.33,0.1,2301965.0,0.0,0.0,CABACWriter::mmvd_merge_idx,CABACWriter
0.19,40.53,0.1,719736.0,0.0,0.0,EncTemporalFilter::motionErrorLuma,EncTemporalFilter
0.19,40.73,0.1,5618462.0,0.0,0.0,CoeffCodingContext::initSubblock,CoeffCodingContext
0.19,40.92,0.1,222191.0,0.0,0.0,void removeWeightHighFreq_SSE<,no_class
0.18,41.1,0.09,1725090.0,0.0,0.0,DepQuant::dequant,DepQuant
0.18,41.28,0.09,346172.0,0.0,0.0,void simdInterpolateHorM8<,no_class
0.18,41.46,0.09,185768.0,0.0,0.0,"std::pair<long, long> fwdTransformCbCr<-1>",std
0.18,41.64,0.09,26327.0,0.0,0.0,fastForwardDCT2_B64,no_class
0.16,41.8,0.08,15390073.0,0.0,0.0,CodingStructure::getResiBuf,CodingStructure
0.16,41.96,0.08,5640818.0,0.0,0.0,AlfCovariance::calculateError,AlfCovariance
0.16,42.12,0.08,3761159.0,0.0,0.0,CodingStructure::clearCUs,CodingStructure
0.16,42.28,0.08,2520610.0,0.0,0.0,DepQuant::quant,DepQuant
0.16,42.44,0.08,419313.0,0.0,0.0,fastInverseDCT2_B16,no_class
0.14,42.58,0.07,298353.0,0.0,0.0,InterSearch::xTZSearch,InterSearch
0.14,42.72,0.07,2698484.0,0.0,0.0,unsigned int updateCandList<EncCu::xCheckRDCostMerge2Nx2N,unsigned int updateCandList<EncCu
0.14,42.86,0.07,694459.0,0.0,0.0,CABACWriter::residual_coding_subblockTS,CABACWriter
0.14,43.0,0.07,54001.0,0.0,0.0,EncCu::xCheckRDCostIntra,EncCu
0.13,43.13,0.07,2550767.0,0.0,0.0,PU::addMVPCandUnscaled,PU
0.12,43.25,0.06,26498916.0,0.0,0.0,roundAffineMv,no_class
0.12,43.37,0.06,6446118.0,0.0,0.0,PelStorage::getBuf,PelStorage
0.12,43.49,0.06,381931.0,0.0,0.0,CABACWriter::transform_unit,CABACWriter
0.12,43.61,0.06,29346920.0,0.0,0.0,Picture::getRecoBuf,Picture
0.12,43.73,0.06,7227813.0,0.0,0.0,InterSearch::xTZSearchHelp,InterSearch
0.12,43.85,0.06,2520610.0,0.0,0.0,TrQuant::xFwdLfnst,TrQuant
0.12,43.97,0.06,296854.0,0.0,0.0,IntraPrediction::xGetLMParameters,IntraPrediction
0.12,44.09,0.06,112382.0,0.0,0.0,IntraPrediction::xGetLumaRecPixels,IntraPrediction
0.12,44.21,0.06,86786.0,0.0,0.0,EncCu::xCompressCU,EncCu
0.11,44.32,0.06,3314889.0,0.0,0.0,InterPrediction::xCheckIdenticalMotion,InterPrediction
0.11,44.43,0.06,1367023.0,0.0,0.0,void addAvg_SSE<,no_class
0.1,44.53,0.05,8186834.0,0.0,0.0,"unsigned int updateCandList<IntraSearch::ModeInfo, 99ul>",unsigned int updateCandList<IntraSearch
0.1,44.63,0.05,2607906.0,0.0,0.0,CS::getArea,CS
0.1,44.73,0.05,1812580.0,0.0,0.0,DQIntern::RateEstimator::initCtx,DQIntern
0.1,44.83,0.05,1172307.0,0.0,0.0,IntraSearch::xEncIntraHeader,IntraSearch
0.1,44.93,0.05,1044767.0,0.0,0.0,PU::getColocatedMVP,PU
0.1,45.03,0.05,185768.0,0.0,0.0,"std::pair<long, long> fwdTransformCbCr<-3>",std
0.1,45.13,0.05,96944.0,0.0,0.0,EncCu::xCheckRDCostInterIMV,EncCu
0.1,45.23,0.05, , , ,BitEstimatorBase::restart,BitEstimatorBase
0.09,45.32,0.05,13476475.0,0.0,0.0,CS::isDualITree,CS
0.09,45.41,0.05,4341620.0,0.0,0.0,TU::needsSqrt2Scale,TU
0.08,45.5,0.04,38974112.0,0.0,0.0,CU::isIntra,CU
0.08,45.58,0.04,5499440.0,0.0,0.0,InterPrediction::xAddBIOAvg4,InterPrediction
0.08,45.66,0.04,2661883.0,0.0,0.0,TrQuant::transformNxN,TrQuant
0.08,45.74,0.04,1725090.0,0.0,0.0,TrQuant::invTransformNxN,TrQuant
0.08,45.82,0.04,1401037.0,0.0,0.0,void reco_SSE<,no_class
0.08,45.9,0.04,1172307.0,0.0,0.0,IntraSearch::xGetIntraFracBitsQT,IntraSearch
0.08,45.98,0.04,757487.0,0.0,0.0,void removeHighFreq_SSE<,no_class
0.08,46.06,0.04,541992.0,0.0,0.0,PU::fillMvpCand,PU
0.08,46.14,0.04,208533.0,0.0,0.0,AreaBuf<short>::scaleSignal,AreaBuf<short>
0.08,46.22,0.04,198099.0,0.0,0.0,CodingStructure::useSubStructure,CodingStructure
0.08,46.3,0.04,142070.0,0.0,0.0,AreaBuf<short>::roundToOutputBitdepth,AreaBuf<short>
0.08,46.38,0.04,100205.0,0.0,0.0,solveEqual,no_class
0.08,46.46,0.04,86786.0,0.0,0.0,BestEncInfoCache::isValid,BestEncInfoCache
0.08,46.54,0.04,78582.0,0.0,0.0,PU::getInterMergeCandidates,PU
0.08,46.62,0.04,1092.0,0.0,0.0,EncAdaptiveLoopFilter::deriveFilterCoeffs,EncAdaptiveLoopFilter
0.07,46.69,0.04,21083033.0,0.0,0.0,CodingStructure::isDecomp,CodingStructure
0.07,46.76,0.04,4926377.0,0.0,0.0,TU::isTSAllowed,TU
0.07,46.83,0.04,2300685.0,0.0,0.0,MergeCtx::setMmvdMergeCandiInfo,MergeCtx
0.07,46.9,0.04, , , ,Picture::getRecoBuf,Picture
0.06,46.97,0.03,26927997.0,0.0,0.0,CU::isIBC,CU
0.06,47.03,0.03,5696382.0,0.0,0.0,AlfCovariance::gnsSolveByChol,AlfCovariance
0.06,47.09,0.03,4093417.0,0.0,0.0,IntraSearch::xFracModeBitsIntra,IntraSearch
0.06,47.15,0.03,3289062.0,0.0,0.0,QpParam::QpParam,QpParam
0.06,47.21,0.03,2693926.0,0.0,0.0,"void std::vector<std::pair<int, bool>, std::allocator<std::pair<int, bool> > >::emplace_back<std::pair<int, bool> >",void std
0.06,47.27,0.03,1515958.0,0.0,0.0,CABACWriter::joint_cb_cr,CABACWriter
0.06,47.33,0.03,1096014.0,0.0,0.0,CodingStructure::releaseIntermediateData,CodingStructure
0.06,47.39,0.03,864893.0,0.0,0.0,void reco_SSE<,no_class
0.06,47.45,0.03,672469.0,0.0,0.0,EncModeCtrlMTnoRQT::tryMode,EncModeCtrlMTnoRQT
0.06,47.51,0.03,603015.0,0.0,0.0,IntraSearch::xGetIntraFracBitsQTChroma,IntraSearch
0.06,47.57,0.03,426208.0,0.0,0.0,RdCost::xGetSSE,RdCost
0.06,47.63,0.03,374984.0,0.0,0.0,TrQuant::selectICTCandidates,TrQuant
0.06,47.69,0.03,321863.0,0.0,0.0,CABACWriter::transform_tree,CABACWriter
0.06,47.75,0.03,297674.0,0.0,0.0,IntraPrediction::xPredIntraDc,IntraPrediction
0.06,47.81,0.03,185768.0,0.0,0.0,"std::pair<long, long> fwdTransformCbCr<0>",std
0.06,47.87,0.03,63986.0,0.0,0.0,TrQuant::xITransformSkip,TrQuant
0.06,47.93,0.03,58388.0,0.0,0.0,EncCu::xCheckModeSplit,EncCu
0.06,47.99,0.03,4936277.0,0.0,0.0,CodingStructure::getMotionBuf,CodingStructure
0.05,48.04,0.03,11233901.0,0.0,0.0,TU::getCbf,TU
0.05,48.09,0.03,4981223.0,0.0,0.0,DeriveCtx::CtxMipFlag,DeriveCtx
0.05,48.14,0.03,1113534.0,0.0,0.0,CodingStructure::getPredBuf,CodingStructure
0.05,48.19,0.03,2404793.0,0.0,0.0,AreaBuf<short>::reconstruct,AreaBuf<short>
0.05,48.24,0.03,167088.0,0.0,0.0,void xWeightedGeoBlk_SSE<,no_class
0.05,48.29,0.03, , , ,Picture::getTrueOrigBuf,Picture
0.04,48.33,0.02,10583425.0,0.0,0.0,CodingUnit::isSepTree,CodingUnit
0.04,48.37,0.02,5854320.0,0.0,0.0,IbcHashMap::xxComputeCrc32c16bit,IbcHashMap
0.04,48.41,0.02,3519651.0,0.0,0.0,CompArea::xRecalcLumaToChroma,CompArea
0.04,48.45,0.02,3038818.0,0.0,0.0,CABACWriter::subblock_merge_flag,CABACWriter
0.04,48.49,0.02,1902508.0,0.0,0.0,"void std::vector<std::pair<int, int>, std::allocator<std::pair<int, int> > >::emplace_back<std::pair<int, int> >",void std
0.04,48.53,0.02,1560867.0,0.0,0.0,UnitArea::UnitArea,UnitArea
0.04,48.57,0.02,1367520.0,0.0,0.0,CABACWriter::mts_idx,CABACWriter
0.04,48.61,0.02,1199645.0,0.0,0.0,CodingUnit::operator=,CodingUnit
0.04,48.65,0.02,992720.0,0.0,0.0,EncModeCtrl::currTestMode,EncModeCtrl
0.04,48.69,0.02,909814.0,0.0,0.0,AreaBuf<short>::removeHighFreq,AreaBuf<short>
0.04,48.73,0.02,781174.0,0.0,0.0,InterSearch::xCheckBestMVP,InterSearch
0.04,48.77,0.02,757862.0,0.0,0.0,CodingStructure::isClean,CodingStructure
0.04,48.81,0.02,579380.0,0.0,0.0,EncCu::xCheckBestMode,EncCu
0.04,48.85,0.02,434515.0,0.0,0.0,CodingStructure::getTU,CodingStructure
0.04,48.89,0.02,361014.0,0.0,0.0,IntraPrediction::xFilterReferenceSamples,IntraPrediction
0.04,48.93,0.02,298353.0,0.0,0.0,CacheBlkInfoCtrl::getMv,CacheBlkInfoCtrl
0.04,48.97,0.02,285666.0,0.0,0.0,CodingStructure::getRecoBuf,CodingStructure
0.04,49.01,0.02,265315.0,0.0,0.0,CABACWriter::intra_chroma_pred_mode,CABACWriter
0.04,49.05,0.02,235825.0,0.0,0.0,AreaBuf<short>::removeWeightHighFreq,AreaBuf<short>
0.04,49.09,0.02,205290.0,0.0,0.0,TUIntraSubPartitioner::splitCurrArea,TUIntraSubPartitioner
0.04,49.13,0.02,189188.0,0.0,0.0,InterSearch::xEncodeInterResidualQT,InterSearch
0.04,49.17,0.02,121246.0,0.0,0.0,AdaptiveDepthPartitioner::setMaxMinDepth,AdaptiveDepthPartitioner
0.04,49.21,0.02,86546.0,0.0,0.0,BestEncInfoCache::setFromCs,BestEncInfoCache
0.04,49.25,0.02,70305.0,0.0,0.0,CABACWriter::mvp_flag,CABACWriter
0.04,49.29,0.02,28510.0,0.0,0.0,PU::getGeoMergeCandidates,PU
0.04,49.33,0.02,2304.0,0.0,0.0,QuantRDOQ::xSetErrScaleCoeff,QuantRDOQ
0.04,49.37,0.02,40.0,0.0,0.0,BitEstimatorBase::reset,BitEstimatorBase
0.04,49.41,0.02,1.0,0.02,0.04,DepQuant::DepQuant,DepQuant
0.04,49.45,0.02, , , ,"std::pair<long, long> fwdTransformCbCr<2>",std
0.04,49.49,0.02, , , ,IntraSearch::xGetIntraFracBitsQTSingleChromaComponent,IntraSearch
0.04,49.53,0.02, , , ,Quant::~Quant,Quant
0.03,49.57,0.02,15803317.0,0.0,0.0,PU::isMIP,PU
0.03,49.6,0.02,3740966.0,0.0,0.0,CodingStructure::getOrgBuf,CodingStructure
0.03,49.63,0.02,3510990.0,0.0,0.0,TU::setCbfAtDepth,TU
0.03,49.66,0.02,2667639.0,0.0,0.0,TransformUnit::getTbAreaAfterCoefZeroOut,TransformUnit
0.03,49.69,0.02,1199436.0,0.0,0.0,CodingStructure::getOrgBuf,CodingStructure
0.03,49.72,0.02,403260.0,0.0,0.0,void copyBufferSimd<,no_class
0.03,49.75,0.02,103142.0,0.0,0.0,InterPrediction::xFinalPaddedMCForDMVR,InterPrediction
0.03,49.78,0.02,2545040.0,0.0,0.0,TransformUnit::init,TransformUnit
0.03,49.81,0.02,88.0,0.0,0.0,CodingStructure::traverseCUs,CodingStructure
0.03,49.84,0.02, , , ,wrapClipMv,no_class
0.03,49.87,0.02, , , ,InterPrediction::~InterPrediction,InterPrediction
0.03,49.9,0.02, , , ,CodingStructure::isSubPuClean,CodingStructure
0.02,49.92,0.01,10695185.0,0.0,0.0,InterPrediction::rightShiftMSB,InterPrediction
0.02,49.94,0.01,9730159.0,0.0,0.0,BitEstimatorBase::encodeBinsEP,BitEstimatorBase
0.02,49.96,0.01,5626377.0,0.0,0.0,PreCalcValues::getMinQtSize,PreCalcValues
0.02,49.98,0.01,4499571.0,0.0,0.0,TransformUnit::getCoeffs,TransformUnit
0.02,50.0,0.01,4017093.0,0.0,0.0,CodingStructure::getTU,CodingStructure
0.02,50.02,0.01,3723983.0,0.0,0.0,CABACWriter::extend_ref_line,CABACWriter
0.02,50.04,0.01,3308198.0,0.0,0.0,PU::isBipredRestriction,PU
0.02,50.06,0.01,3257885.0,0.0,0.0,CodingStructure::getOrgResiBuf,CodingStructure
0.02,50.08,0.01,2997040.0,0.0,0.0,CU::targetSbtAllowed,CU
0.02,50.1,0.01,2467295.0,0.0,0.0,CU::isSameCtu,CU
0.02,50.12,0.01,2365715.0,0.0,0.0,getNumModesMip,no_class
0.02,50.14,0.01,1661104.0,0.0,0.0,DQIntern::DepQuant::dequant,DQIntern
0.02,50.16,0.01,1398730.0,0.0,0.0,IntraSearch::xEncCoeffQT,IntraSearch
0.02,50.18,0.01,1204848.0,0.0,0.0,UnitArea::repositionTo,UnitArea
0.02,50.2,0.01,1140951.0,0.0,0.0,MatrixIntraPrediction::predBlock,MatrixIntraPrediction
0.02,50.22,0.01,1059559.0,0.0,0.0,void simdFilter<,no_class
0.02,50.24,0.01,858909.0,0.0,0.0,CABACWriter::residual_lfnst_mode,CABACWriter
0.02,50.26,0.01,681319.0,0.0,0.0,dynamic_cache<Ctx>::get,dynamic_cache<Ctx>
0.02,50.28,0.01,639485.0,0.0,0.0,TU::getPrevTuCbfAtDepth,TU
0.02,50.3,0.01,585075.0,0.0,0.0,PU::getCoLocatedLumaPU,PU
0.02,50.32,0.01,522515.0,0.0,0.0,EncCu::xEncodeDontSplit,EncCu
0.02,50.34,0.01,392402.0,0.0,0.0,MatrixIntraPrediction::boundaryDownsampling1D,MatrixIntraPrediction
0.02,50.36,0.01,380276.0,0.0,0.0,void applyPROF_SSE<,no_class
0.02,50.38,0.01,330767.0,0.0,0.0,fastForwardDST7_B4,no_class
0.02,50.4,0.01,277825.0,0.0,0.0,CABACWriter::rqt_root_cbf,CABACWriter
0.02,50.42,0.01,243929.0,0.0,0.0,"std::_Hashtable<unsigned int, std::pair<unsigned int const, std::vector<Position, std::allocator<Position> > >, std::allocator<std::pair<unsigned int const, std::vector<Position, std::allocator<Position> > > >, std::__detail::_Select1st, std::equal_to<unsigned int>, std::hash<unsigned int>, std::__detail::_Mod_range_hashing, std::__detail::_Default_ranged_hash, std::__detail::_Prime_rehash_policy, std::__detail::_Hashtable_traits<false, false, true> >::_M_insert_unique_node",std
0.02,50.44,0.01,208529.0,0.0,0.0,fastInverseDST7_B4,no_class
0.02,50.46,0.01,205290.0,0.0,0.0,PartitionerImpl::getTUIntraSubPartitions,PartitionerImpl
0.02,50.48,0.01,196469.0,0.0,0.0,CABACWriter::sbt_mode,CABACWriter
0.02,50.5,0.01,196201.0,0.0,0.0,MatrixIntraPrediction::prepareInputForPred,MatrixIntraPrediction
0.02,50.52,0.01,152327.0,0.0,0.0,void removeHighFreq_SSE<,no_class
0.02,50.54,0.01,131532.0,0.0,0.0,EncModeCtrlMTnoRQT::finishCULevel,EncModeCtrlMTnoRQT
0.02,50.56,0.01,111762.0,0.0,0.0,QuantRDOQ::quant,QuantRDOQ
0.02,50.58,0.01,108726.0,0.0,0.0,CodingStructure::getPredBuf,CodingStructure
0.02,50.6,0.01,106842.0,0.0,0.0,CABACWriter::residual_codingTS,CABACWriter
0.02,50.62,0.01,95920.0,0.0,0.0,QuantRDOQ::xGetErrScaleCoeff,QuantRDOQ
0.02,50.64,0.01,63986.0,0.0,0.0,Quant::dequant,Quant
0.02,50.66,0.01,60710.0,0.0,0.0,"void IntraSearch::reduceHadCandList<IntraSearch::ModeInfo, 99ul>",void IntraSearch
0.02,50.68,0.01,45079.0,0.0,0.0,InterSearch::symmvdCheckBestMvp,InterSearch
0.02,50.7,0.01,40291.0,0.0,0.0,Reshape::calculateChromaAdjVpduNei,Reshape
0.02,50.72,0.01,37448.0,0.0,0.0,PartitionerImpl::getCUSubPartitions,PartitionerImpl
0.02,50.74,0.01,27222.0,0.0,0.0,"void std::vector<GeoMergeCombo, std::allocator<GeoMergeCombo> >::_M_realloc_insert<GeoMergeCombo>",void std
0.02,50.76,0.01,25252.0,0.0,0.0,PU::getAffineMergeCand,PU
0.02,50.78,0.01,12706.0,0.0,0.0,SaveLoadEncInfoSbt::saveBestSbt,SaveLoadEncInfoSbt
0.02,50.8,0.01,6365.0,0.0,0.0,EncCu::xReuseCachedResult,EncCu
0.02,50.82,0.01,1252.0,0.0,0.0,PartitionerImpl::getMaxTuTiling,PartitionerImpl
0.02,50.84,0.01,120.0,0.0,0.0,EncSampleAdaptiveOffset::getBlkStats,EncSampleAdaptiveOffset
0.02,50.86,0.01,80.0,0.0,0.0,EncAdaptiveLoopFilter::getBlkStatsCcAlf,EncAdaptiveLoopFilter
0.02,50.88,0.01,40.0,0.0,0.0,BestEncInfoCache::init,BestEncInfoCache
0.02,50.9,0.01,40.0,0.0,0.0,EncModeCtrlMTnoRQT::initCTUEncoding,EncModeCtrlMTnoRQT
0.02,50.92,0.01,12.0,0.0,0.0,EncTemporalFilter::applyMotion,EncTemporalFilter
0.02,50.94,0.01,1.0,0.01,0.01,initGeoTemplate,no_class
0.02,50.96,0.01,1.0,0.01,0.01,MatrixIntraPrediction::MatrixIntraPrediction,MatrixIntraPrediction
0.02,50.98,0.01, , , ,void invTransformCbCr<2>,no_class
0.02,51.0,0.01, , , ,EncModeCtrl::setEarlySkipDetected,EncModeCtrl
0.02,51.02,0.01, , , ,IntraSearch::PLTSearch,IntraSearch
0.02,51.04,0.01, , , ,BitEstimatorBase::align,BitEstimatorBase
0.02,51.06,0.01, , , ,RdCost::xGetSAD_full,RdCost
0.02,51.08,0.01, , , ,Picture::getResiBuf,Picture
0.02,51.1,0.01, , , ,CodingStructure::getPredBuf,CodingStructure
0.02,51.12,0.01, , , ,CompArea::chromaPos,CompArea
0.01,51.13,0.01,5542691.0,0.0,0.0,TU::getICTMode,TU
0.01,51.14,0.01,3777873.0,0.0,0.0,PredictionUnit::getMotionBuf,PredictionUnit
0.01,51.15,0.01,1199884.0,0.0,0.0,RdCost::setDistParam,RdCost
0.01,51.16,0.01,1086769.0,0.0,0.0,CU::isPLT,CU
0.01,51.17,0.01,903034.0,0.0,0.0,CU::getISPType,CU
0.01,51.18,0.01,702137.0,0.0,0.0,CU::isISPLast,CU
0.01,51.19,0.01,568395.0,0.0,0.0,CodingUnit::checkCCLMAllowed,CodingUnit
0.01,51.2,0.01,284834.0,0.0,0.0,CU::hasSubCUNonZeroMVd,CU
0.01,51.21,0.01,212691.0,0.0,0.0,PU::addAffineMVPCandUnscaled,PU
0.01,51.22,0.01,174159.0,0.0,0.0,InterSearch::xGetBlkBits,InterSearch
0.01,51.23,0.01,138335.0,0.0,0.0,CU::hasSubCUNonZeroAffineMVd,CU
0.01,51.24,0.01,106510.0,0.0,0.0,clipColPos,no_class
0.01,51.25,0.01,40291.0,0.0,0.0,TransformUnit::setChromaAdj,TransformUnit
0.01,51.26,0.01,13187.0,0.0,0.0,CU::traverseTUs,CU
0.01,51.27,0.01,210.0,0.0,0.0,RdCost::xGetSSE16N,RdCost
0.01,51.28,0.01,9.0,0.0,0.0,InterSearch::initWeightIdxBits,InterSearch
0.01,51.29,0.01, , , ,CodingStructure::getOrgResiBuf,CodingStructure
0.01,51.3,0.01, , , ,PPS::resetTileSliceInfo,PPS
0.01,51.31,0.01, , , ,bool* detail::aligned_malloc<bool>,bool* detail
0.01,51.32,0.01, , , ,CodingStructure::getTrueOrgBuf,CodingStructure
0.01,51.33,0.01, , , ,BitEstimatorBase::getEstFracBits,BitEstimatorBase
0.0,51.33,0.0,12585417.0,0.0,0.0,BitEstimatorBase::resetBits,BitEstimatorBase
0.0,51.33,0.0,5624949.0,0.0,0.0,PreCalcValues::getMaxBtSize,PreCalcValues
0.0,51.33,0.0,5253028.0,0.0,0.0,PreCalcValues::getMaxTtSize,PreCalcValues
0.0,51.33,0.0,3598581.0,0.0,0.0,CABACWriter::xWriteTruncBinCode,CABACWriter
0.0,51.33,0.0,3232122.0,0.0,0.0,CodingStructure::getMotionInfo,CodingStructure
0.0,51.33,0.0,2678895.0,0.0,0.0,PartLevel::PartLevel,PartLevel
0.0,51.33,0.0,2561916.0,0.0,0.0,getMipSizeId,no_class
0.0,51.33,0.0,2545040.0,0.0,0.0,TransformUnit::initData,TransformUnit
0.0,51.33,0.0,1812580.0,0.0,0.0,DQIntern::RateEstimator::xSetSigSbbFracBits,DQIntern
0.0,51.33,0.0,1725090.0,0.0,0.0,TrQuant::xDeQuant,TrQuant
0.0,51.33,0.0,1464069.0,0.0,0.0,IntraPrediction::setReferenceArrayLengths,IntraPrediction
0.0,51.33,0.0,1221936.0,0.0,0.0,convertMvFixedToFloat,no_class
0.0,51.33,0.0,1153121.0,0.0,0.0,CABACWriter::bdpcm_mode,CABACWriter
0.0,51.33,0.0,1076984.0,0.0,0.0,InterSearch::predInterSearch,InterSearch
0.0,51.33,0.0,988001.0,0.0,0.0,CU::isFirstTBInPredReg,CU
0.0,51.33,0.0,951611.0,0.0,0.0,CompArea::lumaPos,CompArea
0.0,51.33,0.0,904396.0,0.0,0.0,MatrixIntraPrediction::predictionUpsampling,MatrixIntraPrediction
0.0,51.33,0.0,849751.0,0.0,0.0,CodingUnit::getSbtTuSplit,CodingUnit
0.0,51.33,0.0,830014.0,0.0,0.0,InterSearch::xCopyAMVPInfo,InterSearch
0.0,51.33,0.0,806147.0,0.0,0.0,UnitBuf<short>::copyFrom,UnitBuf<short>
0.0,51.33,0.0,779722.0,0.0,0.0,PU::getWideAngle,PU
0.0,51.33,0.0,779722.0,0.0,0.0,TrQuant::getLFNSTIntraMode,TrQuant
0.0,51.33,0.0,777955.0,0.0,0.0,DeriveCtx::CtxSkipFlag,DeriveCtx
0.0,51.33,0.0,767560.0,0.0,0.0,Partitioner::getSplitSeries,Partitioner
0.0,51.33,0.0,731790.0,0.0,0.0,IbcHashMap::xxCalcBlockHash,IbcHashMap
0.0,51.33,0.0,682612.0,0.0,0.0,PU::getDistScaleFactor,PU
0.0,51.33,0.0,639485.0,0.0,0.0,TU::getPrevTU,TU
0.0,51.33,0.0,604440.0,0.0,0.0,TransformUnit::getPcmbuf,TransformUnit
0.0,51.33,0.0,556975.0,0.0,0.0,EncCu::xCheckDQP,EncCu
0.0,51.33,0.0,553606.0,0.0,0.0,CU::traverseTUs,CU
0.0,51.33,0.0,535916.0,0.0,0.0,InterSearch::xSetSearchRange,InterSearch
0.0,51.33,0.0,448206.0,0.0,0.0,CU::isISPFirst,CU
0.0,51.33,0.0,419076.0,0.0,0.0,EncModeCtrl::nextMode,EncModeCtrl
0.0,51.33,0.0,407070.0,0.0,0.0,CU::getSbtIdx,CU
0.0,51.33,0.0,375887.0,0.0,0.0,CU::numSbtModeRdo,CU
0.0,51.33,0.0,363937.0,0.0,0.0,PredictionUnit::operator=,PredictionUnit
0.0,51.33,0.0,346270.0,0.0,0.0,CU::addPUs,CU
0.0,51.33,0.0,337162.0,0.0,0.0,DeriveCtx::CtxPredModeFlag,DeriveCtx
0.0,51.33,0.0,327744.0,0.0,0.0,"void std::vector<int, std::allocator<int> >::_M_realloc_insert<int const&>",void std
0.0,51.33,0.0,321863.0,0.0,0.0,CABACWriter::adaptive_color_transform,CABACWriter
0.0,51.33,0.0,316965.0,0.0,0.0,PPS::getTileIdx,PPS
0.0,51.33,0.0,304772.0,0.0,0.0,InterPrediction::xPrefetch,InterPrediction
0.0,51.33,0.0,298992.0,0.0,0.0,RdCost::xCalcHADs2x2,RdCost
0.0,51.33,0.0,296854.0,0.0,0.0,AreaBuf<short>::linearTransform,AreaBuf<short>
0.0,51.33,0.0,280299.0,0.0,0.0,TransformUnit::getChromaAdj,TransformUnit
0.0,51.33,0.0,252462.0,0.0,0.0,Ctx::operator=,Ctx
0.0,51.33,0.0,252425.0,0.0,0.0,"std::vector<UnitArea, std::allocator<UnitArea> >::_M_fill_insert",std
0.0,51.33,0.0,243930.0,0.0,0.0,"void std::vector<Position, std::allocator<Position> >::_M_realloc_insert<Position const&>",void std
0.0,51.33,0.0,235745.0,0.0,0.0,CacheBlkInfoCtrl::getBcwIdx,CacheBlkInfoCtrl
0.0,51.33,0.0,230222.0,0.0,0.0,CU::getSbtPosFromSbtMode,CU
0.0,51.33,0.0,218925.0,0.0,0.0,InterSearch::xGetSymbolFracBitsInter,InterSearch
0.0,51.33,0.0,205290.0,0.0,0.0,TUIntraSubPartitioner::exitCurrSplit,TUIntraSubPartitioner
0.0,51.33,0.0,204060.0,0.0,0.0,CABACWriter::affine_amvr_mode,CABACWriter
0.0,51.33,0.0,204060.0,0.0,0.0,CU::isBcwIdxCoded,CU
0.0,51.33,0.0,201970.0,0.0,0.0,InterSearch::skipSbtByRDCost,InterSearch
0.0,51.33,0.0,199300.0,0.0,0.0,CU::getNumPUs,CU
0.0,51.33,0.0,195512.0,0.0,0.0,Picture::getPredBuf,Picture
0.0,51.33,0.0,194913.0,0.0,0.0,IntraSearch::xIntraCodingLumaISP,IntraSearch
0.0,51.33,0.0,191867.0,0.0,0.0,CU::canUseLfnstWithISP,CU
0.0,51.33,0.0,187366.0,0.0,0.0,void linTf_SSE_entry<,no_class
0.0,51.33,0.0,170026.0,0.0,0.0,PU::getIntraChromaCandModes,PU
0.0,51.33,0.0,167088.0,0.0,0.0,InterpolationFilter::weightedGeoBlk,InterpolationFilter
0.0,51.33,0.0,159621.0,0.0,0.0,InterPrediction::weightedGeoBlk,InterPrediction
0.0,51.33,0.0,144337.0,0.0,0.0,InterSearch::xExtDIFUpSamplingH,InterSearch
0.0,51.33,0.0,136466.0,0.0,0.0,InterPrediction::motionCompensation,InterPrediction
0.0,51.33,0.0,126720.0,0.0,0.0,EncAdaptiveLoopFilter::calcCovarianceCcAlf,EncAdaptiveLoopFilter
0.0,51.33,0.0,125394.0,0.0,0.0,CABACWriter::intra_chroma_pred_modes,CABACWriter
0.0,51.33,0.0,121157.0,0.0,0.0,EncModeCtrlMTnoRQT::checkSkipOtherLfnst,EncModeCtrlMTnoRQT
0.0,51.33,0.0,115624.0,0.0,0.0,void invTransformCbCr<-1>,no_class
0.0,51.33,0.0,109736.0,0.0,0.0,UnitBuf<short>::subBuf,UnitBuf<short>
0.0,51.33,0.0,105126.0,0.0,0.0,void simdFilter<,no_class
0.0,51.33,0.0,103142.0,0.0,0.0,xDMVRSubPixelErrorSurface,no_class
0.0,51.33,0.0,102165.0,0.0,0.0,CU::canUseLfnstWithISP,CU
0.0,51.33,0.0,99650.0,0.0,0.0,CABACWriter::extend_ref_line,CABACWriter
0.0,51.33,0.0,94594.0,0.0,0.0,CodingStructure::traverseTUs,CodingStructure
0.0,51.33,0.0,86786.0,0.0,0.0,EncModeCtrl::anyMode,EncModeCtrl
0.0,51.33,0.0,80305.0,0.0,0.0,CodingUnit::CodingUnit,CodingUnit
0.0,51.33,0.0,80289.0,0.0,0.0,CU::allLumaCBFsAreZero,CU
0.0,51.33,0.0,79527.0,0.0,0.0,IntraSearch::xFinishISPModes,IntraSearch
0.0,51.33,0.0,78564.0,0.0,0.0,PU::getLMSymbolList,PU
0.0,51.33,0.0,68824.0,0.0,0.0,CABACWriter::ref_idx,CABACWriter
0.0,51.33,0.0,62585.0,0.0,0.0,InterSearch::xSymmetricMotionEstimation,InterSearch
0.0,51.33,0.0,58900.0,0.0,0.0,CABACWriter::affine_flag,CABACWriter
0.0,51.33,0.0,56217.0,0.0,0.0,AlfCovariance::getClipMax,AlfCovariance
0.0,51.33,0.0,55125.0,0.0,0.0,AlfCovariance::calculateError,AlfCovariance
0.0,51.33,0.0,52607.0,0.0,0.0,IntraPrediction::switchBuffer,IntraPrediction
0.0,51.33,0.0,52590.0,0.0,0.0,"void std::__merge_sort_with_buffer<IntraSearch::ModeInfoWithCost*, IntraSearch::ModeInfoWithCost*, __gnu_cxx::__ops::_Iter_comp_iter<bool ",void std
0.0,51.33,0.0,51115.0,0.0,0.0,DeriveCtx::CtxInterDir,DeriveCtx
0.0,51.33,0.0,49837.0,0.0,0.0,IntraSearch::xFindAlreadyTestedNearbyIntraModes,IntraSearch
0.0,51.33,0.0,48276.0,0.0,0.0,InterSearch::xPatternSearchFast,InterSearch
0.0,51.33,0.0,47564.0,0.0,0.0,PU::getInterMMVDMergeCandidates,PU
0.0,51.33,0.0,46293.0,0.0,0.0,CU::adjustPredArea,CU
0.0,51.33,0.0,44599.0,0.0,0.0,CU::saveMotionInHMVP,CU
0.0,51.33,0.0,42372.0,0.0,0.0,Mv::clipToStorageBitDepth,Mv
0.0,51.33,0.0,41315.0,0.0,0.0,Reshape::getPWLIdxInv,Reshape
0.0,51.33,0.0,40291.0,0.0,0.0,Reshape::calculateChromaAdj,Reshape
0.0,51.33,0.0,39956.0,0.0,0.0,CodingStructure::isClean,CodingStructure
0.0,51.33,0.0,38764.0,0.0,0.0,"void std::vector<TransformUnit*, std::allocator<TransformUnit*> >::_M_realloc_insert<TransformUnit* const&>",void std
0.0,51.33,0.0,37694.0,0.0,0.0,UnitArea::contains,UnitArea
0.0,51.33,0.0,32248.0,0.0,0.0,DQIntern::TUParameters::xSetScanInfo,DQIntern
0.0,51.33,0.0,29574.0,0.0,0.0,void roundIntVector_SIMD<,no_class
0.0,51.33,0.0,25772.0,0.0,0.0,BinProbModel_Std::init,BinProbModel_Std
0.0,51.33,0.0,24963.0,0.0,0.0,getAvailableAffineNeighboursForLeftPredictor,no_class
0.0,51.33,0.0,23848.0,0.0,0.0,InterSearch::xTZ2PointSearch,InterSearch
0.0,51.33,0.0,20752.0,0.0,0.0,CABACWriter::codeAlfCtuAlternative,CABACWriter
0.0,51.33,0.0,17568.0,0.0,0.0,void simdInterpolateHorM8<,no_class
0.0,51.33,0.0,16629.0,0.0,0.0,IntraSearch::xSortISPCandListLFNST,IntraSearch
0.0,51.33,0.0,15834.0,0.0,0.0,EncAdaptiveLoopFilter::roundFiltCoeff,EncAdaptiveLoopFilter
0.0,51.33,0.0,13404.0,0.0,0.0,CABACWriter::unary_max_eqprob,CABACWriter
0.0,51.33,0.0,12805.0,0.0,0.0,PU::spanGeoMotionInfo,PU
0.0,51.33,0.0,11955.0,0.0,0.0,CU::isSameSubPic,CU
0.0,51.33,0.0,11691.0,0.0,0.0,InterSearch::storeAffineMotion,InterSearch
0.0,51.33,0.0,11166.0,0.0,0.0,fastForwardDCT8_B4,no_class
0.0,51.33,0.0,10727.0,0.0,0.0,OutputBitstream::write,OutputBitstream
0.0,51.33,0.0,10386.0,0.0,0.0,CU::traversePUs,CU
0.0,51.33,0.0,10080.0,0.0,0.0,DecCu::xDecodeInterTU,DecCu
0.0,51.33,0.0,8745.0,0.0,0.0,CABACWriter::end_of_ctu,CABACWriter
0.0,51.33,0.0,8745.0,0.0,0.0,CU::isLastSubCUOfCtu,CU
0.0,51.33,0.0,6713.0,0.0,0.0,void invTransformCbCr<-3>,no_class
0.0,51.33,0.0,5651.0,0.0,0.0,DecCu::xIntraRecBlk,DecCu
0.0,51.33,0.0,5001.0,0.0,0.0,DeblockingFilter::xEdgeFilterLuma,DeblockingFilter
0.0,51.33,0.0,4536.0,0.0,0.0,"std::_Temporary_buffer<__gnu_cxx::__normal_iterator<GeoMergeCombo*, std::vector<GeoMergeCombo, std::allocator<GeoMergeCombo> > >, GeoMergeCombo>::_Temporary_buffer",std
0.0,51.33,0.0,4536.0,0.0,0.0,"void std::__stable_sort_adaptive<__gnu_cxx::__normal_iterator<GeoMergeCombo*, std::vector<GeoMergeCombo, std::allocator<GeoMergeCombo> > >, GeoMergeCombo*, long, __gnu_cxx::__ops::_Iter_comp_iter<SmallerThanComboCost> >",void std
0.0,51.33,0.0,4332.0,0.0,0.0,"void std::vector<int, std::allocator<int> >::_M_assign_aux<int const*>",void std
0.0,51.33,0.0,3624.0,0.0,0.0,PU::xInheritedAffineMv,PU
0.0,51.33,0.0,3408.0,0.0,0.0,DecCu::xDeriveCUMV,DecCu
0.0,51.33,0.0,3408.0,0.0,0.0,DecCu::xDecodeInterTexture,DecCu
0.0,51.33,0.0,3312.0,0.0,0.0,IntraPrediction::geneIntrainterPred,IntraPrediction
0.0,51.33,0.0,3045.0,0.0,0.0,BinEncoderBase::writeOut,BinEncoderBase
0.0,51.33,0.0,2674.0,0.0,0.0,DeblockingFilter::xSetMaxFilterLengthPQFromTransformSizes,DeblockingFilter
0.0,51.33,0.0,2587.0,0.0,0.0,Picture::getResiBuf,Picture
0.0,51.33,0.0,2404.0,0.0,0.0,UnitBuf<short>::reconstruct,UnitBuf<short>
0.0,51.33,0.0,2380.0,0.0,0.0,DeblockingFilter::xSetDeblockingFilterParam,DeblockingFilter
0.0,51.33,0.0,2304.0,0.0,0.0,Quant::xSetFlatScalingList,Quant
0.0,51.33,0.0,2142.0,0.0,0.0,EncAdaptiveLoopFilter::getChromaCoeffRate,EncAdaptiveLoopFilter
0.0,51.33,0.0,1716.0,0.0,0.0,CU::getModeTypeAtDepth,CU
0.0,51.33,0.0,1601.0,0.0,0.0,df::program_options_lite::Options::addOption,df
0.0,51.33,0.0,1593.0,0.0,0.0,PelStorage::~PelStorage,PelStorage
0.0,51.33,0.0,1497.0,0.0,0.0,ReferencePictureList::getRefPicIdentifier,ReferencePictureList
0.0,51.33,0.0,1286.0,0.0,0.0,ReferencePictureList::isRefPicLongterm,ReferencePictureList
0.0,51.33,0.0,1177.0,0.0,0.0,fastInverseDCT8_B4,no_class
0.0,51.33,0.0,1125.0,0.0,0.0,BinEncoderBase::encodeBinsEP,BinEncoderBase
0.0,51.33,0.0,1092.0,0.0,0.0,EncAdaptiveLoopFilter::getCostFilterCoeff,EncAdaptiveLoopFilter
0.0,51.33,0.0,1092.0,0.0,0.0,EncAdaptiveLoopFilter::getCostFilterCoeffForce0,EncAdaptiveLoopFilter
0.0,51.33,0.0,1092.0,0.0,0.0,SAOOffset::reset,SAOOffset
0.0,51.33,0.0,904.0,0.0,0.0,CABACWriter::codeAlfCtuAlternatives,CABACWriter
0.0,51.33,0.0,746.0,0.0,0.0,BinEncoderBase::isEncoding,BinEncoderBase
0.0,51.33,0.0,695.0,0.0,0.0,ReferencePictureList::getNumberOfActivePictures,ReferencePictureList
0.0,51.33,0.0,681.0,0.0,0.0,fastInverseDCT8_B8,no_class
0.0,51.33,0.0,571.0,0.0,0.0,VLCWriter::xWriteFlag,VLCWriter
0.0,51.33,0.0,540.0,0.0,0.0,df::program_options_lite::Option<int>::setDefault,df
0.0,51.33,0.0,522.0,0.0,0.0,SAOOffset::SAOOffset,SAOOffset
0.0,51.33,0.0,505.0,0.0,0.0,EncAdaptiveLoopFilter::getFrameStats,EncAdaptiveLoopFilter
0.0,51.33,0.0,494.0,0.0,0.01,EncAdaptiveLoopFilter::getFilterCoeffAndCost,EncAdaptiveLoopFilter
0.0,51.33,0.0,492.0,0.0,0.0,CABACWriter::codeAlfCtuAlternatives,CABACWriter
0.0,51.33,0.0,452.0,0.0,0.0,EncAdaptiveLoopFilter::setEnableFlag,EncAdaptiveLoopFilter
0.0,51.33,0.0,424.0,0.0,0.0,VLCWriter::xWriteUvlc,VLCWriter
0.0,51.33,0.0,386.0,0.0,0.0,void simdFilter<,no_class
0.0,51.33,0.0,380.0,0.0,0.0,"void std::vector<PredictionUnit*, std::allocator<PredictionUnit*> >::_M_realloc_insert<PredictionUnit* const&>",void std
0.0,51.33,0.0,364.0,0.0,0.0,df::program_options_lite::CfgStreamParser::scanLine,df
0.0,51.33,0.0,319.0,0.0,0.0,df::program_options_lite::Option<bool>::~Option,df
0.0,51.33,0.0,310.0,0.0,0.0,BinEncoderBase::encodeRemAbsEP,BinEncoderBase
0.0,51.33,0.0,304.0,0.0,0.0,df::program_options_lite::OptionWriter::storePair,df
0.0,51.33,0.0,301.0,0.0,0.0,CodingStructure::CodingStructure,CodingStructure
0.0,51.33,0.0,300.0,0.0,0.0,CodingStructure::createCoeffs,CodingStructure
0.0,51.33,0.0,300.0,0.0,0.0,CodingStructure::destroy,CodingStructure
0.0,51.33,0.0,300.0,0.0,0.0,"void std::vector<TransformUnit*, std::allocator<TransformUnit*> >::_M_range_insert<__gnu_cxx::__normal_iterator<TransformUnit**, std::vector<TransformUnit*, std::allocator<TransformUnit*> > > >",void std
0.0,51.33,0.0,298.0,0.0,0.0,CodingStructure::create,CodingStructure
0.0,51.33,0.0,259.0,0.0,0.0,EncAdaptiveLoopFilter::setCtuEnableFlag,EncAdaptiveLoopFilter
0.0,51.33,0.0,257.0,0.0,0.0,df::program_options_lite::Option<Level::Name>::~Option,df
0.0,51.33,0.0,251.0,0.0,0.0,df::program_options_lite::OptionSpecific& df::program_options_lite::OptionSpecific::operator,df
0.0,51.33,0.0,208.0,0.0,0.0,"df::program_options_lite::Option<std::__cxx11::basic_string<char, std::char_traits<char>, std::allocator<char> > >::~Option",df
0.0,51.33,0.0,207.0,0.0,0.0,"df::program_options_lite::Option<std::__cxx11::basic_string<char, std::char_traits<char>, std::allocator<char> > >::setDefault",df
0.0,51.33,0.0,190.0,0.0,0.0,SAOBlkParam::reset,SAOBlkParam
0.0,51.33,0.0,173.0,0.0,0.0,SAOOffset::operator=,SAOOffset
0.0,51.33,0.0,165.0,0.0,0.0,SampleAdaptiveOffset::invertQuantOffsets,SampleAdaptiveOffset
0.0,51.33,0.0,162.0,0.0,0.0,SAOBlkParam::SAOBlkParam,SAOBlkParam
0.0,51.33,0.0,160.0,0.0,0.0,EncAdaptiveLoopFilter::getFilteredDistortion,EncAdaptiveLoopFilter
0.0,51.33,0.0,160.0,0.0,0.0,EncSampleAdaptiveOffset::deriveOffsets,EncSampleAdaptiveOffset
0.0,51.33,0.0,156.0,0.0,0.0,ReferencePictureList::setNumberOfLongtermPictures,ReferencePictureList
0.0,51.33,0.0,156.0,0.0,0.0,df::program_options_lite::OptionSpecific& df::program_options_lite::OptionSpecific::operator,df
0.0,51.33,0.0,151.0,0.0,0.0,df::program_options_lite::SilentReporter::error,df
0.0,51.33,0.0,136.0,0.0,0.0,ContextSetCfg::getInitTable,ContextSetCfg
0.0,51.33,0.0,126.0,0.0,0.0,AreaBuf<short>::extendBorderPel,AreaBuf<short>
0.0,51.33,0.0,96.0,0.0,0.0,InterPrediction::motionCompensationGeo,InterPrediction
0.0,51.33,0.0,91.0,0.0,0.0,main,no_class
0.0,51.33,0.0,80.0,0.0,0.0,CABACWriter::coding_tree,CABACWriter
0.0,51.33,0.0,76.0,0.0,0.0,df::program_options_lite::Option<unsigned int>::setDefault,df
0.0,51.33,0.0,76.0,0.0,0.0,"std::_Rb_tree<int, std::pair<int const, int>, std::_Select1st<std::pair<int const, int> >, std::less<int>, std::allocator<std::pair<int const, int> > >::_M_get_insert_hint_unique_pos",std
0.0,51.33,0.0,74.0,0.0,0.0,CtxStore<BinProbModel_Std>::CtxStore,CtxStore<BinProbModel_Std>
0.0,51.33,0.0,70.0,0.0,0.0,OutputBitstream::OutputBitstream,OutputBitstream
0.0,51.33,0.0,68.0,0.0,0.0,df::program_options_lite::OptionSpecific& df::program_options_lite::OptionSpecific::operator,df
0.0,51.33,0.0,66.0,0.0,0.0,scalePlane,no_class
0.0,51.33,0.0,64.0,0.0,0.0,df::program_options_lite::Option<GOPEntry>::~Option,df
0.0,51.33,0.0,62.0,0.0,0.0,PPS::getTileColumnBd,PPS
0.0,51.33,0.0,60.0,0.0,0.0,EncGOP::xClearSEIs,EncGOP
0.0,51.33,0.0,60.0,0.0,0.0,PPS::ctuToTileCol,PPS
0.0,51.33,0.0,54.0,0.0,0.0,"std::vector<BinProbModel_Std, std::allocator<BinProbModel_Std> >::_M_default_append",std
0.0,51.33,0.0,53.0,0.0,0.0,df::program_options_lite::Option<bool>::parse,df
0.0,51.33,0.0,50.0,0.0,0.0,CABACWriter::initCtxModels,CABACWriter
0.0,51.33,0.0,50.0,0.0,0.0,SubPic::~SubPic,SubPic
0.0,51.33,0.0,48.0,0.0,0.0,CABACWriter::sao_block_pars,CABACWriter
0.0,51.33,0.0,48.0,0.0,0.0,TComHash::clearAll,TComHash
0.0,51.33,0.0,48.0,0.0,0.0,"std::vector<MotionVector, std::allocator<MotionVector> >::_M_fill_insert",std
0.0,51.33,0.0,47.0,0.0,0.0,df::program_options_lite::OptionSpecific& df::program_options_lite::OptionSpecific::operator,df
0.0,51.33,0.0,47.0,0.0,0.0,df::program_options_lite::Option<SMultiValueInput<unsigned int> >::~Option,df
0.0,51.33,0.0,47.0,0.0,0.0,df::program_options_lite::Option<double>::~Option,df
0.0,51.33,0.0,46.0,0.0,0.0,SampleAdaptiveOffset::isCrossedByVirtualBoundaries,SampleAdaptiveOffset
0.0,51.33,0.0,44.0,0.0,0.0,VLCWriter::xWriteCode,VLCWriter
0.0,51.33,0.0,42.0,0.0,0.0,EncAdaptiveLoopFilter::getNonFilterCoeffRate,EncAdaptiveLoopFilter
0.0,51.33,0.0,40.0,0.0,0.0,extractSeisByType,extractSeisByType(std
0.0,51.33,0.0,40.0,0.0,0.0,BinEncoderBase::init,BinEncoderBase
0.0,51.33,0.0,40.0,0.0,0.0,SaveLoadEncInfoSbt::init,SaveLoadEncInfoSbt
0.0,51.33,0.0,40.0,0.0,1.09,EncCu::compressCtu,EncCu
0.0,51.33,0.0,40.0,0.0,0.0,EncSampleAdaptiveOffset::deriveLoopFilterBoundaryAvailibility,EncSampleAdaptiveOffset
0.0,51.33,0.0,39.0,0.0,0.0,df::program_options_lite::Option<int>::parse,df
0.0,51.33,0.0,38.0,0.0,0.0,"std::vector<int, std::allocator<int> >::operator=",std
0.0,51.33,0.0,36.0,0.0,0.0,Slice::xGetRefPic,Slice
0.0,51.33,0.0,34.0,0.0,0.0,Picture::extendPicBorder,Picture
0.0,51.33,0.0,33.0,0.0,0.0,EfficientFieldIRAPMapping::adjustGOPid,EfficientFieldIRAPMapping
0.0,51.33,0.0,33.0,0.0,1.53,EncGOP::compressGOP,EncGOP
0.0,51.33,0.0,33.0,0.0,1.53,EncLib::encode,EncLib
0.0,51.33,0.0,32.0,0.0,0.0,df::program_options_lite::Option<GOPEntry>::parse,df
0.0,51.33,0.0,31.0,0.0,0.0,EncAdaptiveLoopFilter::getUnfilteredDistortion,EncAdaptiveLoopFilter
0.0,51.33,0.0,30.0,0.0,0.0,Slice::isPocRestrictedByDRAP,Slice
0.0,51.33,0.0,30.0,0.0,0.0,EncGOP::getNalUnitType,EncGOP
0.0,51.33,0.0,30.0,0.0,0.0,EncGOP::xFindDistortionPlane,EncGOP
0.0,51.33,0.0,28.0,0.0,0.0,OlsHrdParams::OlsHrdParams,OlsHrdParams
0.0,51.33,0.0,27.0,0.0,0.0,std::_Bvector_base<std::allocator<bool> >::_M_deallocate,std
0.0,51.33,0.0,22.0,0.0,0.0,VideoIOYuv::read,VideoIOYuv
0.0,51.33,0.0,21.0,0.0,0.0,ProfileLevelTierFeatures::extractPTLInformation,ProfileLevelTierFeatures
0.0,51.33,0.0,21.0,0.0,0.0,PicHeader::PicHeader,PicHeader
0.0,51.33,0.0,20.0,0.0,0.0,getSeisByType,getSeisByType(std
0.0,51.33,0.0,20.0,0.0,0.0,CodingStructure::rebindPicBufs,CodingStructure
0.0,51.33,0.0,20.0,0.0,0.0,OutputBitstream::writeAlignZero,OutputBitstream
0.0,51.33,0.0,20.0,0.0,0.0,AdaptiveLoopFilter::destroy,AdaptiveLoopFilter
0.0,51.33,0.0,20.0,0.0,0.29,EncAdaptiveLoopFilter::alfEncoder,EncAdaptiveLoopFilter
0.0,51.33,0.0,20.0,0.0,0.0,EncAdaptiveLoopFilter::getMaxNumAlternativesChroma,EncAdaptiveLoopFilter
0.0,51.33,0.0,20.0,0.0,0.0,df::program_options_lite::OptionSpecific& df::program_options_lite::OptionSpecific::operator,df
0.0,51.33,0.0,20.0,0.0,0.0,df::program_options_lite::Option<SMultiValueInput<int> >::~Option,df
0.0,51.33,0.0,20.0,0.0,0.0,Slice::~Slice,Slice
0.0,51.33,0.0,20.0,0.0,0.0,RdCost::setLambda,RdCost
0.0,51.33,0.0,20.0,0.0,0.0,Picture::getRecoBuf,Picture
0.0,51.33,0.0,20.0,0.0,0.0,Picture::clearSliceBuffer,Picture
0.0,51.33,0.0,20.0,0.0,0.0,PPS::getSubPicIdxFromSubPicId,PPS
0.0,51.33,0.0,20.0,0.0,0.0,"std::_Rb_tree<std::__cxx11::basic_string<char, std::char_traits<char>, std::allocator<char> >, std::pair<std::__cxx11::basic_string<char, std::char_traits<char>, std::allocator<char> > const, std::__cxx11::list<df::program_options_lite::Options::Names*, std::allocator<df::program_options_lite::Options::Names*> > >, std::_Select1st<std::pair<std::__cxx11::basic_string<char, std::char_traits<char>, std::allocator<char> > const, std::__cxx11::list<df::program_options_lite::Options::Names*, std::allocator<df::program_options_lite::Options::Names*> > > >, std::less<std::__cxx11::basic_string<char, std::char_traits<char>, std::allocator<char> > >, std::allocator<std::pair<std::__cxx11::basic_string<char, std::char_traits<char>, std::allocator<char> > const, std::__cxx11::list<df::program_options_lite::Options::Names*, std::allocator<df::program_options_lite::Options::Names*> > > > >::_M_erase",std
0.0,51.33,0.0,19.0,0.0,0.0,Slice::checkThatAllRefPicsAreAvailable,Slice
0.0,51.33,0.0,18.0,0.0,0.0,"std::vector<int, std::allocator<int> >::resize",std
0.0,51.33,0.0,16.0,0.0,0.0,"std::vector<unsigned char, std::allocator<unsigned char> >::operator=",std
0.0,51.33,0.0,15.0,0.0,0.0,VLCWriter::xWriteSvlc,VLCWriter
0.0,51.33,0.0,14.0,0.0,0.0,df::program_options_lite::Option<unsigned int>::parse,df
0.0,51.33,0.0,13.0,0.0,0.0,writeNaluContent,writeNaluContent(std
0.0,51.33,0.0,13.0,0.0,0.0,writeNaluWithHeader,writeNaluWithHeader(std
0.0,51.33,0.0,13.0,0.0,0.0,OutputBitstream::getByteStreamLength,OutputBitstream
0.0,51.33,0.0,13.0,0.0,0.0,OutputBitstream::getByteStream,OutputBitstream
0.0,51.33,0.0,12.0,0.0,0.0,compareCounts,no_class
0.0,51.33,0.0,12.0,0.0,0.0,SampleAdaptiveOffset::getMergeList,SampleAdaptiveOffset
0.0,51.33,0.0,12.0,0.0,0.0,SampleAdaptiveOffset::offsetCTU,SampleAdaptiveOffset
0.0,51.33,0.0,12.0,0.0,0.0,EncSampleAdaptiveOffset::deriveModeNewRDO,EncSampleAdaptiveOffset
0.0,51.33,0.0,12.0,0.0,0.01,EncTemporalFilter::motionEstimation,EncTemporalFilter
0.0,51.33,0.0,11.0,0.0,0.0,AdaptiveLoopFilter::reconstructCoeffAPSs,AdaptiveLoopFilter
0.0,51.33,0.0,11.0,0.0,0.0,EncAdaptiveLoopFilter::destroy,EncAdaptiveLoopFilter
0.0,51.33,0.0,11.0,0.0,0.0,EncLib::PPSNeedsWriting,EncLib
0.0,51.33,0.0,11.0,0.0,0.0,PicHeader::initPicHeader,PicHeader
0.0,51.33,0.0,11.0,0.0,0.0,"std::vector<unsigned short, std::allocator<unsigned short> >::operator=",std
0.0,51.33,0.0,10.0,0.0,0.0,nalUnitTypeToString,no_class
0.0,51.33,0.0,10.0,0.0,0.0,trySkipOrDecodePicture,no_class
0.0,51.33,0.0,10.0,0.0,0.0,EncReshape::preAnalyzerLMCS,EncReshape
0.0,51.33,0.0,10.0,0.0,0.0,IbcHashMap::init,IbcHashMap
0.0,51.33,0.0,10.0,0.0,0.0,CABACWriter::end_of_slice,CABACWriter
0.0,51.33,0.0,10.0,0.0,0.0,BinEncoderBase::reset,BinEncoderBase
0.0,51.33,0.0,10.0,0.0,0.0,CodingStructure::getTrueOrgBuf,CodingStructure
0.0,51.33,0.0,10.0,0.0,0.01,EncTemporalFilter::filter,EncTemporalFilter
0.0,51.33,0.0,10.0,0.0,0.0,SampleAdaptiveOffset::create,SampleAdaptiveOffset
0.0,51.33,0.0,10.0,0.0,0.0,EncAdaptiveLoopFilter::alfEncoderCtb,EncAdaptiveLoopFilter
0.0,51.33,0.0,10.0,0.0,0.0,EncAdaptiveLoopFilter::xSetupCcAlfAPS,EncAdaptiveLoopFilter
0.0,51.33,0.0,10.0,0.0,0.0,EncAdaptiveLoopFilter::getAvaiApsIdsLuma,EncAdaptiveLoopFilter
0.0,51.33,0.0,10.0,0.0,0.0,EncAdaptiveLoopFilter::initDistortionCcalf,EncAdaptiveLoopFilter
0.0,51.33,0.0,10.0,0.0,0.0,EncAdaptiveLoopFilter::create,EncAdaptiveLoopFilter
0.0,51.33,0.0,10.0,0.0,0.0,EncSampleAdaptiveOffset::disabledRate,EncSampleAdaptiveOffset
0.0,51.33,0.0,10.0,0.0,0.0,EncSampleAdaptiveOffset::getStatistics,EncSampleAdaptiveOffset
0.0,51.33,0.0,10.0,0.0,0.0,EncSampleAdaptiveOffset::decidePicParams,EncSampleAdaptiveOffset
0.0,51.33,0.0,10.0,0.0,0.0,CS::setRefinedMotionField,CS
0.0,51.33,0.0,10.0,0.0,0.0,Slice::sortPicList,Slice
0.0,51.33,0.0,10.0,0.0,0.0,Slice::resetWpScaling,Slice
0.0,51.33,0.0,10.0,0.0,0.0,Slice::scaleRefPicList,Slice
0.0,51.33,0.0,10.0,0.0,0.0,Slice::setDefaultClpRng,Slice
0.0,51.33,0.0,10.0,0.0,0.0,Slice::constructRefPicList,Slice
0.0,51.33,0.0,10.0,0.0,0.0,Slice::setList1IdxToList0Idx,Slice
0.0,51.33,0.0,10.0,0.0,0.0,Slice::initSlice,Slice
0.0,51.33,0.0,10.0,0.0,0.0,Slice::~Slice,Slice
0.0,51.33,0.0,10.0,0.0,0.0,EncGOP::xGetBuffer,EncGOP
0.0,51.33,0.0,10.0,0.0,0.0,EncGOP::xUpdateDuData,EncGOP
0.0,51.33,0.0,10.0,0.0,0.0,EncGOP::xUpdateRasInit,EncGOP
0.0,51.33,0.0,10.0,0.0,0.0,EncGOP::xUpdateTimingSEI,EncGOP
0.0,51.33,0.0,10.0,0.0,0.0,EncGOP::xCalculateAddPSNRs,EncGOP
0.0,51.33,0.0,10.0,0.0,0.0,EncGOP::xWriteDuSEIMessages,EncGOP
0.0,51.33,0.0,10.0,0.0,0.0,EncGOP::xCreatePictureTimingSEI,EncGOP
0.0,51.33,0.0,10.0,0.0,0.0,EncGOP::xWriteLeadingSEIMessages,EncGOP
0.0,51.33,0.0,10.0,0.0,0.0,EncGOP::xWriteTrailingSEIMessages,EncGOP
0.0,51.33,0.0,10.0,0.0,0.0,EncLib::encodePrep,EncLib
0.0,51.33,0.0,10.0,0.0,0.0,EncLib::selectReferencePictureList,EncLib
0.0,51.33,0.0,10.0,0.0,0.0,Picture::allocateNewSlice,Picture
0.0,51.33,0.0,10.0,0.0,0.0,Picture::destroyTempBuffers,Picture
0.0,51.33,0.0,10.0,0.0,0.0,Picture::destroy,Picture
0.0,51.33,0.0,10.0,0.0,0.0,Picture::Picture,Picture
0.0,51.33,0.0,10.0,0.0,4.38,EncSlice::encodeCtus,EncSlice
0.0,51.33,0.0,10.0,0.0,0.0,EncSlice::setUpLambda,EncSlice
0.0,51.33,0.0,10.0,0.0,4.38,EncSlice::compressSlice,EncSlice
0.0,51.33,0.0,10.0,0.0,0.0,EncSlice::initializeLambda,EncSlice
0.0,51.33,0.0,10.0,0.0,0.0,EncSlice::setLosslessSlice,EncSlice
0.0,51.33,0.0,10.0,0.0,0.0,EncSlice::create,EncSlice
0.0,51.33,0.0,10.0,0.0,0.0,TComHash::~TComHash,TComHash
0.0,51.33,0.0,10.0,0.0,0.0,HLSWriter::codePictureHeader,HLSWriter
0.0,51.33,0.0,10.0,0.0,0.0,PicHeader::~PicHeader,PicHeader
0.0,51.33,0.0,10.0,0.0,0.0,ProfileLevelTierFeatures::getMinCr,ProfileLevelTierFeatures
0.0,51.33,0.0,10.0,0.0,0.0,Slice::checkLeadingPictureRestrictions,Slice
0.0,51.33,0.0,10.0,0.0,0.0,EncCfg::getQPForPicture,EncCfg
0.0,51.33,0.0,10.0,0.0,0.0,"std::vector<SAOStatData**, std::allocator<SAOStatData**> >::_M_default_append",std
0.0,51.33,0.0,10.0,0.0,0.0,"std::vector<unsigned int, std::allocator<unsigned int> >::_M_default_append",std
0.0,51.33,0.0,9.0,0.0,0.0,fastInverseDCT8_B32,no_class
0.0,51.33,0.0,9.0,0.0,0.0,df::program_options_lite::Option<SMultiValueInput<bool> >::setDefault,df
0.0,51.33,0.0,9.0,0.0,0.0,EncGOP::xCreateExplicitReferencePictureSetFromReference,EncGOP
0.0,51.33,0.0,9.0,0.0,0.0,Slice::isStepwiseTemporalLayerSwitchingPointCandidate,Slice
0.0,51.33,0.0,9.0,0.0,0.0,"std::vector<bool, std::allocator<bool> >::operator=",std
0.0,51.33,0.0,8.0,0.0,0.0,EncAdaptiveLoopFilter::getFrameStatsCcalf,EncAdaptiveLoopFilter
0.0,51.33,0.0,8.0,0.0,0.0,EncAdaptiveLoopFilter::deriveCcAlfFilterCoeff,EncAdaptiveLoopFilter
0.0,51.33,0.0,7.0,0.0,0.0,df::program_options_lite::ArgvParser::where[abi:cxx11],df
0.0,51.33,0.0,7.0,0.0,0.0,"std::vector<double, std::allocator<double> >::operator=",std
0.0,51.33,0.0,6.0,0.0,0.0,msg,no_class
0.0,51.33,0.0,6.0,0.0,0.0,"std::vector<bool, std::allocator<bool> >::_M_fill_insert",std
0.0,51.33,0.0,5.0,0.0,0.0,VideoIOYuv::skipFrames,VideoIOYuv
0.0,51.33,0.0,5.0,0.0,0.0,Picture::getOrigBuf,Picture
0.0,51.33,0.0,5.0,0.0,0.0,"std::_Rb_tree<std::__cxx11::basic_string<char, std::char_traits<char>, std::allocator<char> >, std::pair<std::__cxx11::basic_string<char, std::char_traits<char>, std::allocator<char> > const, std::__cxx11::list<df::program_options_lite::Options::Names*, std::allocator<df::program_options_lite::Options::Names*> > >, std::_Select1st<std::pair<std::__cxx11::basic_string<char, std::char_traits<char>, std::allocator<char> > const, std::__cxx11::list<df::program_options_lite::Options::Names*, std::allocator<df::program_options_lite::Options::Names*> > > >, std::less<std::__cxx11::basic_string<char, std::char_traits<char>, std::allocator<char> > >, std::allocator<std::pair<std::__cxx11::basic_string<char, std::char_traits<char>, std::allocator<char> > const, std::__cxx11::list<df::program_options_lite::Options::Names*, std::allocator<df::program_options_lite::Options::Names*> > > > >::_M_get_insert_unique_pos",std
0.0,51.33,0.0,4.0,0.0,0.0,EncReshape::initSeqStats,EncReshape
0.0,51.33,0.0,4.0,0.0,0.0,VideoIOYuv::close,VideoIOYuv
0.0,51.33,0.0,4.0,0.0,0.0,Analyze::printOut,Analyze
0.0,51.33,0.0,4.0,0.0,0.0,"std::map<int, ParameterSetMap<SPS>::MapData<SPS>, std::less<int>, std::allocator<std::pair<int const, ParameterSetMap<SPS>::MapData<SPS> > > >::operator[]",std
0.0,51.33,0.0,4.0,0.0,0.0,"std::vector<std::vector<int, std::allocator<int> >, std::allocator<std::vector<int, std::allocator<int> > > >::~vector",std
0.0,51.33,0.0,4.0,0.0,0.0,"std::_Rb_tree<std::__cxx11::basic_string<char, std::char_traits<char>, std::allocator<char> >, std::pair<std::__cxx11::basic_string<char, std::char_traits<char>, std::allocator<char> > const, X86_VEXT>, std::_Select1st<std::pair<std::__cxx11::basic_string<char, std::char_traits<char>, std::allocator<char> > const, X86_VEXT> >, std::less<std::__cxx11::basic_string<char, std::char_traits<char>, std::allocator<char> > >, std::allocator<std::pair<std::__cxx11::basic_string<char, std::char_traits<char>, std::allocator<char> > const, X86_VEXT> > >::_M_get_insert_unique_pos",std
0.0,51.33,0.0,4.0,0.0,0.0,"void std::__merge_sort_with_buffer<FilterIdxCount*, FilterIdxCount*, __gnu_cxx::__ops::_Iter_comp_iter<bool ",void std
0.0,51.33,0.0,3.0,0.0,0.0,ProfileFeatures::getProfileFeatures,ProfileFeatures
0.0,51.33,0.0,3.0,0.0,0.0,df::program_options_lite::OptionSpecific& df::program_options_lite::OptionSpecific::operator,df
0.0,51.33,0.0,3.0,0.0,0.0,df::program_options_lite::Option<SMultiValueInput<double> >::~Option,df
0.0,51.33,0.0,3.0,0.0,0.0,df::program_options_lite::Option<SMultiValueInput<short> >::~Option,df
0.0,51.33,0.0,3.0,0.0,0.0,SPS::getWinUnitX,SPS
0.0,51.33,0.0,3.0,0.0,0.0,VLCWriter::xWriteRbspTrailingBits,VLCWriter
0.0,51.33,0.0,3.0,0.0,0.0,"void std::deque<TemporalFilterSourcePicInfo, std::allocator<TemporalFilterSourcePicInfo> >::_M_push_back_aux<TemporalFilterSourcePicInfo>",void std
0.0,51.33,0.0,3.0,0.0,0.0,"std::vector<std::vector<int, std::allocator<int> >, std::allocator<std::vector<int, std::allocator<int> > > >::_M_fill_insert",std
0.0,51.33,0.0,3.0,0.0,0.0,"std::vector<int, std::allocator<int> >::_M_fill_insert",std
0.0,51.33,0.0,3.0,0.0,0.0,"std::vector<unsigned int, std::allocator<unsigned int> >::resize",std
0.0,51.33,0.0,3.0,0.0,0.0,"std::_Rb_tree<std::__cxx11::basic_string<char, std::char_traits<char>, std::allocator<char> >, std::pair<std::__cxx11::basic_string<char, std::char_traits<char>, std::allocator<char> > const, X86_VEXT>, std::_Select1st<std::pair<std::__cxx11::basic_string<char, std::char_traits<char>, std::allocator<char> > const, X86_VEXT> >, std::less<std::__cxx11::basic_string<char, std::char_traits<char>, std::allocator<char> > >, std::allocator<std::pair<std::__cxx11::basic_string<char, std::char_traits<char>, std::allocator<char> > const, X86_VEXT> > >::_M_erase",std
0.0,51.33,0.0,2.0,0.0,0.0,getListOfColourSpaceConverts[abi:cxx11],no_class
0.0,51.33,0.0,2.0,0.0,0.0,EncReshape::cwReduction,EncReshape
0.0,51.33,0.0,2.0,0.0,0.0,ScalingList::ScalingList,ScalingList
0.0,51.33,0.0,2.0,0.0,0.0,ParameterSetMap<APS>::setID,ParameterSetMap<APS>
0.0,51.33,0.0,2.0,0.0,0.0,SMultiValueInput<int>::readValues,SMultiValueInput<int>
0.0,51.33,0.0,2.0,0.0,0.0,EncAdaptiveLoopFilter::getAvailableCcAlfApsIds,EncAdaptiveLoopFilter
0.0,51.33,0.0,2.0,0.0,0.0,df::program_options_lite::ArgvParser::parseGNU,df
0.0,51.33,0.0,2.0,0.0,0.0,df::program_options_lite::OptionFunc::~OptionFunc,df
0.0,51.33,0.0,2.0,0.0,0.0,df::program_options_lite::Option<SMultiValueInput<int> >::parse,df
0.0,51.33,0.0,2.0,0.0,0.0,APS::APS,APS
0.0,51.33,0.0,2.0,0.0,0.0,APS::~APS,APS
0.0,51.33,0.0,2.0,0.0,0.0,VPS::deriveOutputLayerSets,VPS
0.0,51.33,0.0,2.0,0.0,0.0,EncCfg::~EncCfg,EncCfg
0.0,51.33,0.0,2.0,0.0,0.0,EncLib::xInitSPS,EncLib
0.0,51.33,0.0,2.0,0.0,0.0,Picture::getFilteredOrigBuf,Picture
0.0,51.33,0.0,2.0,0.0,0.0,CtxStore<BinProbModel_Std>::CtxStore,CtxStore<BinProbModel_Std>
0.0,51.33,0.0,2.0,0.0,0.0,RateCtrl::destroy,RateCtrl
0.0,51.33,0.0,2.0,0.0,0.0,"std::vector<ChromaQpAdj, std::allocator<ChromaQpAdj> >::operator=",std
0.0,51.33,0.0,2.0,0.0,0.0,"std::vector<ReferencePictureList, std::allocator<ReferencePictureList> >::_M_default_append",std
0.0,51.33,0.0,2.0,0.0,0.0,"std::vector<signed char, std::allocator<signed char> >::_M_default_append",std
0.0,51.33,0.0,2.0,0.0,0.0,"std::_Rb_tree<int, std::pair<int const, ParameterSetMap<APS>::MapData<APS> >, std::_Select1st<std::pair<int const, ParameterSetMap<APS>::MapData<APS> > >, std::less<int>, std::allocator<std::pair<int const, ParameterSetMap<APS>::MapData<APS> > > >::_M_erase",std
0.0,51.33,0.0,2.0,0.0,0.0,"void std::__merge_adaptive<FilterIdxCount*, long, FilterIdxCount*, __gnu_cxx::__ops::_Iter_comp_iter<bool ",void std
0.0,51.33,0.0,1.0,0.0,0.0,_GLOBAL__sub_I__Z18writeAnnexBNalUnitRSoRK11NALUnitEBSPb,no_class
0.0,51.33,0.0,1.0,0.0,0.0,_GLOBAL__sub_I_main,no_class
0.0,51.33,0.0,1.0,0.0,0.0,_get_x86_extensions,no_class
0.0,51.33,0.0,1.0,0.0,0.0,BinCounter::BinCounter,BinCounter
0.0,51.33,0.0,1.0,0.0,0.0,EncReshape::bubbleSortDsd,EncReshape
0.0,51.33,0.0,1.0,0.0,0.0,EncReshape::constructReshaperLMCS,EncReshape
0.0,51.33,0.0,1.0,0.0,0.0,EncReshape::destroy,EncReshape
0.0,51.33,0.0,1.0,0.0,0.0,EncReshape::EncReshape,EncReshape
0.0,51.33,0.0,1.0,0.0,0.0,IbcHashMap::IbcHashMap,IbcHashMap
0.0,51.33,0.0,1.0,0.0,0.0,EncModeCtrl::initLumaDeltaQpLUT,EncModeCtrl
0.0,51.33,0.0,1.0,0.0,0.02,InterSearch::init,InterSearch
0.0,51.33,0.0,1.0,0.0,0.0,InterSearch::InterSearch,InterSearch
0.0,51.33,0.0,1.0,0.0,0.01,IntraSearch::init,IntraSearch
0.0,51.33,0.0,1.0,0.0,0.01,IntraSearch::IntraSearch,IntraSearch
0.0,51.33,0.0,1.0,0.0,0.0,TBinEncoder<BinProbModel_Std>::TBinEncoder,TBinEncoder<BinProbModel_Std>
0.0,51.33,0.0,1.0,0.0,0.0,void PelBufferOps::_initPelBufOpsX86<,void PelBufferOps
0.0,51.33,0.0,1.0,0.0,0.0,TBitEstimator<BinProbModel_Std>::TBitEstimator,TBitEstimator<BinProbModel_Std>
0.0,51.33,0.0,1.0,0.0,0.0,InterPrediction::destroy,InterPrediction
0.0,51.33,0.0,1.0,0.0,0.0,InterPrediction::~InterPrediction,InterPrediction
0.0,51.33,0.0,1.0,0.0,0.01,IntraPrediction::IntraPrediction,IntraPrediction
0.0,51.33,0.0,1.0,0.0,0.0,ParameterSetMap<APS>::allocatePS,ParameterSetMap<APS>
0.0,51.33,0.0,1.0,0.0,0.0,ParameterSetMap<PPS>::allocatePS,ParameterSetMap<PPS>
0.0,51.33,0.0,1.0,0.0,0.0,ParameterSetMap<SPS>::setID,ParameterSetMap<SPS>
0.0,51.33,0.0,1.0,0.0,0.0,BestEncInfoCache::destroy,BestEncInfoCache
0.0,51.33,0.0,1.0,0.0,0.0,CacheBlkInfoCtrl::destroy,CacheBlkInfoCtrl
0.0,51.33,0.0,1.0,0.0,0.0,DeblockingFilter::DeblockingFilter,DeblockingFilter
0.0,51.33,0.0,1.0,0.0,0.0,WeightPrediction::WeightPrediction,WeightPrediction
0.0,51.33,0.0,1.0,0.0,0.0,EncTemporalFilter::EncTemporalFilter,EncTemporalFilter
0.0,51.33,0.0,1.0,0.0,0.0,AdaptiveLoopFilter::initAdaptiveLoopFilterX86,AdaptiveLoopFilter
0.0,51.33,0.0,1.0,0.0,0.0,AdaptiveLoopFilter::AdaptiveLoopFilter,AdaptiveLoopFilter
0.0,51.33,0.0,1.0,0.0,0.0,EncModeCtrlMTnoRQT::destroy,EncModeCtrlMTnoRQT
0.0,51.33,0.0,1.0,0.0,0.0,SaveLoadEncInfoSbt::create,SaveLoadEncInfoSbt
0.0,51.33,0.0,1.0,0.0,0.0,WeightPredAnalysis::WeightPredAnalysis,WeightPredAnalysis
0.0,51.33,0.0,1.0,0.0,0.0,void InterpolationFilter::_initInterpolationFilterX86<,void InterpolationFilter
0.0,51.33,0.0,1.0,0.0,0.0,AffineGradientSearch::initAffineGradientSearchX86,AffineGradientSearch
0.0,51.33,0.0,1.0,0.0,0.0,AffineGradientSearch::AffineGradientSearch,AffineGradientSearch
0.0,51.33,0.0,1.0,0.0,0.0,ChromaQpMappingTable::setParams,ChromaQpMappingTable
0.0,51.33,0.0,1.0,0.0,0.0,SampleAdaptiveOffset::~SampleAdaptiveOffset,SampleAdaptiveOffset
0.0,51.33,0.0,1.0,0.0,0.0,EncSampleAdaptiveOffset::EncSampleAdaptiveOffset,EncSampleAdaptiveOffset
0.0,51.33,0.0,1.0,0.0,0.0,df::program_options_lite::setDefaults,df
0.0,51.33,0.0,1.0,0.0,0.0,df::program_options_lite::Option<ScalingListMode>::~Option,df
0.0,51.33,0.0,1.0,0.0,0.0,df::program_options_lite::Option<SMultiValueInput<Level::Name> >::~Option,df
0.0,51.33,0.0,1.0,0.0,0.0,df::program_options_lite::Option<SMultiValueInput<unsigned short> >::~Option,df
0.0,51.33,0.0,1.0,0.0,0.0,df::program_options_lite::Option<ExtendedProfileName>::parse,df
0.0,51.33,0.0,1.0,0.0,0.0,df::program_options_lite::Option<CostMode>::setDefault,df
0.0,51.33,0.0,1.0,0.0,0.0,df::program_options_lite::Option<Level::Name>::parse,df
0.0,51.33,0.0,1.0,0.0,0.0,df::program_options_lite::Option<Level::Tier>::~Option,df
0.0,51.33,0.0,1.0,0.0,0.0,df::program_options_lite::Option<EncAppCfg::OptionalValue<unsigned int> >::~Option,df
0.0,51.33,0.0,1.0,0.0,0.0,"df::program_options_lite::Option<std::map<int, double, std::less<int>, std::allocator<std::pair<int const, double> > > >::~Option",df
0.0,51.33,0.0,1.0,0.0,0.0,df::program_options_lite::scanArgv[abi:cxx11],df
0.0,51.33,0.0,1.0,0.0,0.0,PPS::checkSliceMap,PPS
0.0,51.33,0.0,1.0,0.0,0.0,PPS::initRectSliceMap,PPS
0.0,51.33,0.0,1.0,0.0,0.0,PPS::PPS,PPS
0.0,51.33,0.0,1.0,0.0,0.0,PPS::~PPS,PPS
0.0,51.33,0.0,1.0,0.0,0.0,SPS::createRPLList0,SPS
0.0,51.33,0.0,1.0,0.0,0.0,SPS::SPS,SPS
0.0,51.33,0.0,1.0,0.0,0.0,SPS::~SPS,SPS
0.0,51.33,0.0,1.0,0.0,0.0,VPS::checkVPS,VPS
0.0,51.33,0.0,1.0,0.0,0.0,VPS::~VPS,VPS
0.0,51.33,0.0,1.0,0.0,0.0,DecCu::DecCu,DecCu
0.0,51.33,0.0,1.0,0.0,0.0,EncCu::init,EncCu
0.0,51.33,0.0,1.0,0.0,0.0,EncCu::destroy,EncCu
0.0,51.33,0.0,1.0,0.0,0.0,EncCu::~EncCu,EncCu
0.0,51.33,0.0,1.0,0.0,0.0,Quant::setFlatScalingList,Quant
0.0,51.33,0.0,1.0,0.0,0.0,Quant::Quant,Quant
0.0,51.33,0.0,1.0,0.0,0.0,EncApp::xCreateLib,EncApp
0.0,51.33,0.0,1.0,0.0,0.0,EncApp::printChromaFormat,EncApp
0.0,51.33,0.0,1.0,0.0,0.0,EncGOP::printOutSummary,EncGOP
0.0,51.33,0.0,1.0,0.0,0.0,EncGOP::init,EncGOP
0.0,51.33,0.0,1.0,0.0,0.0,EncGOP::destroy,EncGOP
0.0,51.33,0.0,1.0,0.0,0.0,EncGOP::xWritePPS,EncGOP
0.0,51.33,0.0,1.0,0.0,0.0,EncGOP::EncGOP,EncGOP
0.0,51.33,0.0,1.0,0.0,0.0,EncLib::checkPltStats,EncLib
0.0,51.33,0.0,1.0,0.0,0.03,EncLib::xInitScalingLists,EncLib
0.0,51.33,0.0,1.0,0.0,0.13,EncLib::init,EncLib
0.0,51.33,0.0,1.0,0.0,0.0,EncLib::destroy,EncLib
0.0,51.33,0.0,1.0,0.0,0.0,EncLib::xInitOPI,EncLib
0.0,51.33,0.0,1.0,0.0,0.0,EncLib::xInitRPL,EncLib
0.0,51.33,0.0,1.0,0.0,0.01,EncLib::EncLib,EncLib
0.0,51.33,0.0,1.0,0.0,0.0,RdCost::initRdCostX86,RdCost
0.0,51.33,0.0,1.0,0.0,0.0,RdCost::initLumaLevelToWeightTableReshape,RdCost
0.0,51.33,0.0,1.0,0.0,0.0,RdCost::init,RdCost
0.0,51.33,0.0,1.0,0.0,0.0,RdCost::~RdCost,RdCost
0.0,51.33,0.0,1.0,0.0,0.0,Reshape::Reshape,Reshape
0.0,51.33,0.0,1.0,0.0,0.0,SPSRExt::SPSRExt,SPSRExt
0.0,51.33,0.0,1.0,0.0,0.0,TrQuant::TrQuant,TrQuant
0.0,51.33,0.0,1.0,0.0,0.02,DQIntern::Rom::xInitScanArrays,DQIntern
0.0,51.33,0.0,1.0,0.0,0.0,DepQuant::~DepQuant,DepQuant
0.0,51.33,0.0,1.0,0.0,0.0,EncSlice::init,EncSlice
0.0,51.33,0.0,1.0,0.0,0.0,EncSlice::~EncSlice,EncSlice
0.0,51.33,0.0,1.0,0.0,0.0,RateCtrl::~RateCtrl,RateCtrl
0.0,51.33,0.0,1.0,0.0,0.0,EncAppCfg::xCheckParameter,EncAppCfg
0.0,51.33,0.0,1.0,0.0,0.0,EncAppCfg::xAutoDetermineProfile,EncAppCfg
0.0,51.33,0.0,1.0,0.0,0.0,EncAppCfg::~EncAppCfg,EncAppCfg
0.0,51.33,0.0,1.0,0.0,0.0,HLSWriter::dpb_parameters,HLSWriter
0.0,51.33,0.0,1.0,0.0,0.0,HLSWriter::codeProfileTierLevel,HLSWriter
0.0,51.33,0.0,1.0,0.0,0.0,HLSWriter::codePPS,HLSWriter
0.0,51.33,0.0,1.0,0.0,0.0,QuantRDOQ::xInitScalingList,QuantRDOQ
0.0,51.33,0.0,1.0,0.0,0.0,QuantRDOQ::QuantRDOQ,QuantRDOQ
0.0,51.33,0.0,1.0,0.0,0.0,RectSlice::RectSlice,RectSlice
0.0,51.33,0.0,1.0,0.0,0.0,"std::vector<Size, std::allocator<Size> >::_M_fill_insert",std
0.0,51.33,0.0,1.0,0.0,0.0,"std::vector<SliceMap, std::allocator<SliceMap> >::_M_default_append",std
0.0,51.33,0.0,1.0,0.0,0.0,"std::vector<RectSlice, std::allocator<RectSlice> >::operator=",std
0.0,51.33,0.0,1.0,0.0,0.0,"std::vector<Level::Name, std::allocator<Level::Name> >::operator=",std
0.0,51.33,0.0,1.0,0.0,0.0,"std::vector<int, std::allocator<int> >::_M_default_append",std
0.0,51.33,0.0,1.0,0.0,0.0,"std::_Rb_tree<int, std::pair<int const, ParameterSetMap<SPS>::MapData<SPS> >, std::_Select1st<std::pair<int const, ParameterSetMap<SPS>::MapData<SPS> > >, std::less<int>, std::allocator<std::pair<int const, ParameterSetMap<SPS>::MapData<SPS> > > >::_M_erase",std
0.0,51.33,0.0,1.0,0.0,0.0,"std::_Rb_tree<int, std::pair<int const, int>, std::_Select1st<std::pair<int const, int> >, std::less<int>, std::allocator<std::pair<int const, int> > >::_M_get_insert_unique_pos",std
0.0,51.33,0.0,1.0,0.0,0.0,frame_dummy,no_class
